Subject,Start Date,Start Time,End Date,End Time,All Day Event,Description,Location,Private
Sunset,2014-01-01,00:39:24 AM,2014-01-01,01:09:24 AM,False,Sunset Calendar,Brooklyn Heights Promenade Brooklyn NY 11201,False
Sunset,2014-01-02,00:40:15 AM,2014-01-02,01:10:15 AM,False,Sunset Calendar,Brooklyn Heights Promenade Brooklyn NY 11201,False
Sunset,2014-01-03,00:41:08 AM,2014-01-03,01:11:08 AM,False,Sunset Calendar,Brooklyn Heights Promenade Brooklyn NY 11201,False
Sunset,2014-01-04,00:42:02 AM,2014-01-04,01:12:02 AM,False,Sunset Calendar,Brooklyn Heights Promenade Brooklyn NY 11201,False
Sunset,2014-01-05,00:42:58 AM,2014-01-05,01:12:58 AM,False,Sunset Calendar,Brooklyn Heights Promenade Brooklyn NY 11201,False
Sunset,2014-01-06,00:43:55 AM,2014-01-06,01:13:55 AM,False,Sunset Calendar,Brooklyn Heights Promenade Brooklyn NY 11201,False
Sunset,2014-01-07,00:44:53 AM,2014-01-07,01:14:53 AM,False,Sunset Calendar,Brooklyn Heights Promenade Brooklyn NY 11201,False
Sunset,2014-01-08,00:45:53 AM,2014-01-08,01:15:53 AM,False,Sunset Calendar,Brooklyn Heights Promenade Brooklyn NY 11201,False
Sunset,2014-01-09,00:46:54 AM,2014-01-09,01:16:54 AM,False,Sunset Calendar,Brooklyn Heights Promenade Brooklyn NY 11201,False
Sunset,2014-01-10,00:47:56 AM,2014-01-10,01:17:56 AM,False,Sunset Calendar,Brooklyn Heights Promenade Brooklyn NY 11201,False
Sunset,2014-01-11,00:48:59 AM,2014-01-11,01:18:59 AM,False,Sunset Calendar,Brooklyn Heights Promenade Brooklyn NY 11201,False
Sunset,2014-01-12,00:50:03 AM,2014-01-12,01:20:03 AM,False,Sunset Calendar,Brooklyn Heights Promenade Brooklyn NY 11201,False
Sunset,2014-01-13,00:51:08 AM,2014-01-13,01:21:08 AM,False,Sunset Calendar,Brooklyn Heights Promenade Brooklyn NY 11201,False
Sunset,2014-01-14,00:52:15 AM,2014-01-14,01:22:15 AM,False,Sunset Calendar,Brooklyn Heights Promenade Brooklyn NY 11201,False
Sunset,2014-01-15,00:53:22 AM,2014-01-15,01:23:22 AM,False,Sunset Calendar,Brooklyn Heights Promenade Brooklyn NY 11201,False
Sunset,2014-01-16,00:54:29 AM,2014-01-16,01:24:29 AM,False,Sunset Calendar,Brooklyn Heights Promenade Brooklyn NY 11201,False
Sunset,2014-01-17,00:55:38 AM,2014-01-17,01:25:38 AM,False,Sunset Calendar,Brooklyn Heights Promenade Brooklyn NY 11201,False
Sunset,2014-01-18,00:56:47 AM,2014-01-18,01:26:47 AM,False,Sunset Calendar,Brooklyn Heights Promenade Brooklyn NY 11201,False
Sunset,2014-01-19,00:57:57 AM,2014-01-19,01:27:57 AM,False,Sunset Calendar,Brooklyn Heights Promenade Brooklyn NY 11201,False
Sunset,2014-01-20,00:59:08 AM,2014-01-20,01:29:08 AM,False,Sunset Calendar,Brooklyn Heights Promenade Brooklyn NY 11201,False
Sunset,2014-01-21,01:00:19 AM,2014-01-21,01:30:19 AM,False,Sunset Calendar,Brooklyn Heights Promenade Brooklyn NY 11201,False
Sunset,2014-01-22,01:01:30 AM,2014-01-22,01:31:30 AM,False,Sunset Calendar,Brooklyn Heights Promenade Brooklyn NY 11201,False
Sunset,2014-01-23,01:02:42 AM,2014-01-23,01:32:42 AM,False,Sunset Calendar,Brooklyn Heights Promenade Brooklyn NY 11201,False
Sunset,2014-01-24,01:03:55 AM,2014-01-24,01:33:55 AM,False,Sunset Calendar,Brooklyn Heights Promenade Brooklyn NY 11201,False
Sunset,2014-01-25,01:05:07 AM,2014-01-25,01:35:07 AM,False,Sunset Calendar,Brooklyn Heights Promenade Brooklyn NY 11201,False
Sunset,2014-01-26,01:06:21 AM,2014-01-26,01:36:21 AM,False,Sunset Calendar,Brooklyn Heights Promenade Brooklyn NY 11201,False
Sunset,2014-01-27,01:07:34 AM,2014-01-27,01:37:34 AM,False,Sunset Calendar,Brooklyn Heights Promenade Brooklyn NY 11201,False
Sunset,2014-01-28,01:08:47 AM,2014-01-28,01:38:47 AM,False,Sunset Calendar,Brooklyn Heights Promenade Brooklyn NY 11201,False
Sunset,2014-01-29,01:10:01 AM,2014-01-29,01:40:01 AM,False,Sunset Calendar,Brooklyn Heights Promenade Brooklyn NY 11201,False
Sunset,2014-01-30,01:11:15 AM,2014-01-30,01:41:15 AM,False,Sunset Calendar,Brooklyn Heights Promenade Brooklyn NY 11201,False
Sunset,2014-01-31,01:12:29 AM,2014-01-31,01:42:29 AM,False,Sunset Calendar,Brooklyn Heights Promenade Brooklyn NY 11201,False
Sunset,2014-02-01,01:13:43 AM,2014-02-01,01:43:43 AM,False,Sunset Calendar,Brooklyn Heights Promenade Brooklyn NY 11201,False
Sunset,2014-02-02,01:14:58 AM,2014-02-02,01:44:58 AM,False,Sunset Calendar,Brooklyn Heights Promenade Brooklyn NY 11201,False
Sunset,2014-02-03,01:16:12 AM,2014-02-03,01:46:12 AM,False,Sunset Calendar,Brooklyn Heights Promenade Brooklyn NY 11201,False
Sunset,2014-02-04,01:17:26 AM,2014-02-04,01:47:26 AM,False,Sunset Calendar,Brooklyn Heights Promenade Brooklyn NY 11201,False
Sunset,2014-02-05,01:18:40 AM,2014-02-05,01:48:40 AM,False,Sunset Calendar,Brooklyn Heights Promenade Brooklyn NY 11201,False
Sunset,2014-02-06,01:19:54 AM,2014-02-06,01:49:54 AM,False,Sunset Calendar,Brooklyn Heights Promenade Brooklyn NY 11201,False
Sunset,2014-02-07,01:21:08 AM,2014-02-07,01:51:08 AM,False,Sunset Calendar,Brooklyn Heights Promenade Brooklyn NY 11201,False
Sunset,2014-02-08,01:22:22 AM,2014-02-08,01:52:22 AM,False,Sunset Calendar,Brooklyn Heights Promenade Brooklyn NY 11201,False
Sunset,2014-02-09,01:23:36 AM,2014-02-09,01:53:36 AM,False,Sunset Calendar,Brooklyn Heights Promenade Brooklyn NY 11201,False
Sunset,2014-02-10,01:24:49 AM,2014-02-10,01:54:49 AM,False,Sunset Calendar,Brooklyn Heights Promenade Brooklyn NY 11201,False
Sunset,2014-02-11,01:26:02 AM,2014-02-11,01:56:02 AM,False,Sunset Calendar,Brooklyn Heights Promenade Brooklyn NY 11201,False
Sunset,2014-02-12,01:27:16 AM,2014-02-12,01:57:16 AM,False,Sunset Calendar,Brooklyn Heights Promenade Brooklyn NY 11201,False
Sunset,2014-02-13,01:28:28 AM,2014-02-13,01:58:28 AM,False,Sunset Calendar,Brooklyn Heights Promenade Brooklyn NY 11201,False
Sunset,2014-02-14,01:29:41 AM,2014-02-14,01:59:41 AM,False,Sunset Calendar,Brooklyn Heights Promenade Brooklyn NY 11201,False
Sunset,2014-02-15,01:30:53 AM,2014-02-15,02:00:53 AM,False,Sunset Calendar,Brooklyn Heights Promenade Brooklyn NY 11201,False
Sunset,2014-02-16,01:32:06 AM,2014-02-16,02:02:06 AM,False,Sunset Calendar,Brooklyn Heights Promenade Brooklyn NY 11201,False
Sunset,2014-02-17,01:33:18 AM,2014-02-17,02:03:18 AM,False,Sunset Calendar,Brooklyn Heights Promenade Brooklyn NY 11201,False
Sunset,2014-02-18,01:34:29 AM,2014-02-18,02:04:29 AM,False,Sunset Calendar,Brooklyn Heights Promenade Brooklyn NY 11201,False
Sunset,2014-02-19,01:35:40 AM,2014-02-19,02:05:40 AM,False,Sunset Calendar,Brooklyn Heights Promenade Brooklyn NY 11201,False
Sunset,2014-02-20,01:36:51 AM,2014-02-20,02:06:51 AM,False,Sunset Calendar,Brooklyn Heights Promenade Brooklyn NY 11201,False
Sunset,2014-02-21,01:38:02 AM,2014-02-21,02:08:02 AM,False,Sunset Calendar,Brooklyn Heights Promenade Brooklyn NY 11201,False
Sunset,2014-02-22,01:39:13 AM,2014-02-22,02:09:13 AM,False,Sunset Calendar,Brooklyn Heights Promenade Brooklyn NY 11201,False
Sunset,2014-02-23,01:40:23 AM,2014-02-23,02:10:23 AM,False,Sunset Calendar,Brooklyn Heights Promenade Brooklyn NY 11201,False
Sunset,2014-02-24,01:41:33 AM,2014-02-24,02:11:33 AM,False,Sunset Calendar,Brooklyn Heights Promenade Brooklyn NY 11201,False
Sunset,2014-02-25,01:42:42 AM,2014-02-25,02:12:42 AM,False,Sunset Calendar,Brooklyn Heights Promenade Brooklyn NY 11201,False
Sunset,2014-02-26,01:43:51 AM,2014-02-26,02:13:51 AM,False,Sunset Calendar,Brooklyn Heights Promenade Brooklyn NY 11201,False
Sunset,2014-02-27,01:45:00 AM,2014-02-27,02:15:00 AM,False,Sunset Calendar,Brooklyn Heights Promenade Brooklyn NY 11201,False
Sunset,2014-02-28,01:46:09 AM,2014-02-28,02:16:09 AM,False,Sunset Calendar,Brooklyn Heights Promenade Brooklyn NY 11201,False
Sunset,2014-03-01,01:47:17 AM,2014-03-01,02:17:17 AM,False,Sunset Calendar,Brooklyn Heights Promenade Brooklyn NY 11201,False
Sunset,2014-03-02,01:48:25 AM,2014-03-02,02:18:25 AM,False,Sunset Calendar,Brooklyn Heights Promenade Brooklyn NY 11201,False
Sunset,2014-03-03,01:49:33 AM,2014-03-03,02:19:33 AM,False,Sunset Calendar,Brooklyn Heights Promenade Brooklyn NY 11201,False
Sunset,2014-03-04,01:50:40 AM,2014-03-04,02:20:40 AM,False,Sunset Calendar,Brooklyn Heights Promenade Brooklyn NY 11201,False
Sunset,2014-03-05,01:51:47 AM,2014-03-05,02:21:47 AM,False,Sunset Calendar,Brooklyn Heights Promenade Brooklyn NY 11201,False
Sunset,2014-03-06,01:52:54 AM,2014-03-06,02:22:54 AM,False,Sunset Calendar,Brooklyn Heights Promenade Brooklyn NY 11201,False
Sunset,2014-03-07,01:54:01 AM,2014-03-07,02:24:01 AM,False,Sunset Calendar,Brooklyn Heights Promenade Brooklyn NY 11201,False
Sunset,2014-03-08,01:55:07 AM,2014-03-08,02:25:07 AM,False,Sunset Calendar,Brooklyn Heights Promenade Brooklyn NY 11201,False
Sunset,2014-03-09,01:56:13 AM,2014-03-09,02:26:13 AM,False,Sunset Calendar,Brooklyn Heights Promenade Brooklyn NY 11201,False
Sunset,2014-03-10,01:57:19 AM,2014-03-10,02:27:19 AM,False,Sunset Calendar,Brooklyn Heights Promenade Brooklyn NY 11201,False
Sunset,2014-03-11,01:58:25 AM,2014-03-11,02:28:25 AM,False,Sunset Calendar,Brooklyn Heights Promenade Brooklyn NY 11201,False
Sunset,2014-03-12,01:59:30 AM,2014-03-12,02:29:30 AM,False,Sunset Calendar,Brooklyn Heights Promenade Brooklyn NY 11201,False
Sunset,2014-03-13,02:00:35 AM,2014-03-13,02:30:35 AM,False,Sunset Calendar,Brooklyn Heights Promenade Brooklyn NY 11201,False
Sunset,2014-03-14,02:01:40 AM,2014-03-14,02:31:40 AM,False,Sunset Calendar,Brooklyn Heights Promenade Brooklyn NY 11201,False
Sunset,2014-03-15,02:02:45 AM,2014-03-15,02:32:45 AM,False,Sunset Calendar,Brooklyn Heights Promenade Brooklyn NY 11201,False
Sunset,2014-03-16,02:03:49 AM,2014-03-16,02:33:49 AM,False,Sunset Calendar,Brooklyn Heights Promenade Brooklyn NY 11201,False
Sunset,2014-03-17,02:04:54 AM,2014-03-17,02:34:54 AM,False,Sunset Calendar,Brooklyn Heights Promenade Brooklyn NY 11201,False
Sunset,2014-03-18,02:05:58 AM,2014-03-18,02:35:58 AM,False,Sunset Calendar,Brooklyn Heights Promenade Brooklyn NY 11201,False
Sunset,2014-03-19,02:07:02 AM,2014-03-19,02:37:02 AM,False,Sunset Calendar,Brooklyn Heights Promenade Brooklyn NY 11201,False
Sunset,2014-03-20,02:08:06 AM,2014-03-20,02:38:06 AM,False,Sunset Calendar,Brooklyn Heights Promenade Brooklyn NY 11201,False
Sunset,2014-03-21,02:09:10 AM,2014-03-21,02:39:10 AM,False,Sunset Calendar,Brooklyn Heights Promenade Brooklyn NY 11201,False
Sunset,2014-03-22,02:10:13 AM,2014-03-22,02:40:13 AM,False,Sunset Calendar,Brooklyn Heights Promenade Brooklyn NY 11201,False
Sunset,2014-03-23,02:11:17 AM,2014-03-23,02:41:17 AM,False,Sunset Calendar,Brooklyn Heights Promenade Brooklyn NY 11201,False
Sunset,2014-03-24,02:12:20 AM,2014-03-24,02:42:20 AM,False,Sunset Calendar,Brooklyn Heights Promenade Brooklyn NY 11201,False
Sunset,2014-03-25,02:13:24 AM,2014-03-25,02:43:24 AM,False,Sunset Calendar,Brooklyn Heights Promenade Brooklyn NY 11201,False
Sunset,2014-03-26,02:14:27 AM,2014-03-26,02:44:27 AM,False,Sunset Calendar,Brooklyn Heights Promenade Brooklyn NY 11201,False
Sunset,2014-03-27,02:15:30 AM,2014-03-27,02:45:30 AM,False,Sunset Calendar,Brooklyn Heights Promenade Brooklyn NY 11201,False
Sunset,2014-03-28,02:16:33 AM,2014-03-28,02:46:33 AM,False,Sunset Calendar,Brooklyn Heights Promenade Brooklyn NY 11201,False
Sunset,2014-03-29,02:17:36 AM,2014-03-29,02:47:36 AM,False,Sunset Calendar,Brooklyn Heights Promenade Brooklyn NY 11201,False
Sunset,2014-03-30,02:18:39 AM,2014-03-30,02:48:39 AM,False,Sunset Calendar,Brooklyn Heights Promenade Brooklyn NY 11201,False
Sunset,2014-03-31,02:19:42 AM,2014-03-31,02:49:42 AM,False,Sunset Calendar,Brooklyn Heights Promenade Brooklyn NY 11201,False
Sunset,2014-04-01,02:20:45 AM,2014-04-01,02:50:45 AM,False,Sunset Calendar,Brooklyn Heights Promenade Brooklyn NY 11201,False
Sunset,2014-04-02,02:21:48 AM,2014-04-02,02:51:48 AM,False,Sunset Calendar,Brooklyn Heights Promenade Brooklyn NY 11201,False
Sunset,2014-04-03,02:22:51 AM,2014-04-03,02:52:51 AM,False,Sunset Calendar,Brooklyn Heights Promenade Brooklyn NY 11201,False
Sunset,2014-04-04,02:23:54 AM,2014-04-04,02:53:54 AM,False,Sunset Calendar,Brooklyn Heights Promenade Brooklyn NY 11201,False
Sunset,2014-04-05,02:24:56 AM,2014-04-05,02:54:56 AM,False,Sunset Calendar,Brooklyn Heights Promenade Brooklyn NY 11201,False
Sunset,2014-04-06,02:25:59 AM,2014-04-06,02:55:59 AM,False,Sunset Calendar,Brooklyn Heights Promenade Brooklyn NY 11201,False
Sunset,2014-04-07,02:27:02 AM,2014-04-07,02:57:02 AM,False,Sunset Calendar,Brooklyn Heights Promenade Brooklyn NY 11201,False
Sunset,2014-04-08,02:28:05 AM,2014-04-08,02:58:05 AM,False,Sunset Calendar,Brooklyn Heights Promenade Brooklyn NY 11201,False
Sunset,2014-04-09,02:29:08 AM,2014-04-09,02:59:08 AM,False,Sunset Calendar,Brooklyn Heights Promenade Brooklyn NY 11201,False
Sunset,2014-04-10,02:30:10 AM,2014-04-10,03:00:10 AM,False,Sunset Calendar,Brooklyn Heights Promenade Brooklyn NY 11201,False
Sunset,2014-04-11,02:31:13 AM,2014-04-11,03:01:13 AM,False,Sunset Calendar,Brooklyn Heights Promenade Brooklyn NY 11201,False
Sunset,2014-04-12,02:32:16 AM,2014-04-12,03:02:16 AM,False,Sunset Calendar,Brooklyn Heights Promenade Brooklyn NY 11201,False
Sunset,2014-04-13,02:33:19 AM,2014-04-13,03:03:19 AM,False,Sunset Calendar,Brooklyn Heights Promenade Brooklyn NY 11201,False
Sunset,2014-04-14,02:34:22 AM,2014-04-14,03:04:22 AM,False,Sunset Calendar,Brooklyn Heights Promenade Brooklyn NY 11201,False
Sunset,2014-04-15,02:35:25 AM,2014-04-15,03:05:25 AM,False,Sunset Calendar,Brooklyn Heights Promenade Brooklyn NY 11201,False
Sunset,2014-04-16,02:36:28 AM,2014-04-16,03:06:28 AM,False,Sunset Calendar,Brooklyn Heights Promenade Brooklyn NY 11201,False
Sunset,2014-04-17,02:37:31 AM,2014-04-17,03:07:31 AM,False,Sunset Calendar,Brooklyn Heights Promenade Brooklyn NY 11201,False
Sunset,2014-04-18,02:38:34 AM,2014-04-18,03:08:34 AM,False,Sunset Calendar,Brooklyn Heights Promenade Brooklyn NY 11201,False
Sunset,2014-04-19,02:39:37 AM,2014-04-19,03:09:37 AM,False,Sunset Calendar,Brooklyn Heights Promenade Brooklyn NY 11201,False
Sunset,2014-04-20,02:40:40 AM,2014-04-20,03:10:40 AM,False,Sunset Calendar,Brooklyn Heights Promenade Brooklyn NY 11201,False
Sunset,2014-04-21,02:41:43 AM,2014-04-21,03:11:43 AM,False,Sunset Calendar,Brooklyn Heights Promenade Brooklyn NY 11201,False
Sunset,2014-04-22,02:42:46 AM,2014-04-22,03:12:46 AM,False,Sunset Calendar,Brooklyn Heights Promenade Brooklyn NY 11201,False
Sunset,2014-04-23,02:43:49 AM,2014-04-23,03:13:49 AM,False,Sunset Calendar,Brooklyn Heights Promenade Brooklyn NY 11201,False
Sunset,2014-04-24,02:44:52 AM,2014-04-24,03:14:52 AM,False,Sunset Calendar,Brooklyn Heights Promenade Brooklyn NY 11201,False
Sunset,2014-04-25,02:45:55 AM,2014-04-25,03:15:55 AM,False,Sunset Calendar,Brooklyn Heights Promenade Brooklyn NY 11201,False
Sunset,2014-04-26,02:46:58 AM,2014-04-26,03:16:58 AM,False,Sunset Calendar,Brooklyn Heights Promenade Brooklyn NY 11201,False
Sunset,2014-04-27,02:48:00 AM,2014-04-27,03:18:00 AM,False,Sunset Calendar,Brooklyn Heights Promenade Brooklyn NY 11201,False
Sunset,2014-04-28,02:49:03 AM,2014-04-28,03:19:03 AM,False,Sunset Calendar,Brooklyn Heights Promenade Brooklyn NY 11201,False
Sunset,2014-04-29,02:50:06 AM,2014-04-29,03:20:06 AM,False,Sunset Calendar,Brooklyn Heights Promenade Brooklyn NY 11201,False
Sunset,2014-04-30,02:51:08 AM,2014-04-30,03:21:08 AM,False,Sunset Calendar,Brooklyn Heights Promenade Brooklyn NY 11201,False
Sunset,2014-05-01,02:52:11 AM,2014-05-01,03:22:11 AM,False,Sunset Calendar,Brooklyn Heights Promenade Brooklyn NY 11201,False
Sunset,2014-05-02,02:53:13 AM,2014-05-02,03:23:13 AM,False,Sunset Calendar,Brooklyn Heights Promenade Brooklyn NY 11201,False
Sunset,2014-05-03,02:54:15 AM,2014-05-03,03:24:15 AM,False,Sunset Calendar,Brooklyn Heights Promenade Brooklyn NY 11201,False
Sunset,2014-05-04,02:55:17 AM,2014-05-04,03:25:17 AM,False,Sunset Calendar,Brooklyn Heights Promenade Brooklyn NY 11201,False
Sunset,2014-05-05,02:56:19 AM,2014-05-05,03:26:19 AM,False,Sunset Calendar,Brooklyn Heights Promenade Brooklyn NY 11201,False
Sunset,2014-05-06,02:57:20 AM,2014-05-06,03:27:20 AM,False,Sunset Calendar,Brooklyn Heights Promenade Brooklyn NY 11201,False
Sunset,2014-05-07,02:58:22 AM,2014-05-07,03:28:22 AM,False,Sunset Calendar,Brooklyn Heights Promenade Brooklyn NY 11201,False
Sunset,2014-05-08,02:59:23 AM,2014-05-08,03:29:23 AM,False,Sunset Calendar,Brooklyn Heights Promenade Brooklyn NY 11201,False
Sunset,2014-05-09,03:00:23 AM,2014-05-09,03:30:23 AM,False,Sunset Calendar,Brooklyn Heights Promenade Brooklyn NY 11201,False
Sunset,2014-05-10,03:01:24 AM,2014-05-10,03:31:24 AM,False,Sunset Calendar,Brooklyn Heights Promenade Brooklyn NY 11201,False
Sunset,2014-05-11,03:02:24 AM,2014-05-11,03:32:24 AM,False,Sunset Calendar,Brooklyn Heights Promenade Brooklyn NY 11201,False
Sunset,2014-05-12,03:03:23 AM,2014-05-12,03:33:23 AM,False,Sunset Calendar,Brooklyn Heights Promenade Brooklyn NY 11201,False
Sunset,2014-05-13,03:04:23 AM,2014-05-13,03:34:23 AM,False,Sunset Calendar,Brooklyn Heights Promenade Brooklyn NY 11201,False
Sunset,2014-05-14,03:05:21 AM,2014-05-14,03:35:21 AM,False,Sunset Calendar,Brooklyn Heights Promenade Brooklyn NY 11201,False
Sunset,2014-05-15,03:06:20 AM,2014-05-15,03:36:20 AM,False,Sunset Calendar,Brooklyn Heights Promenade Brooklyn NY 11201,False
Sunset,2014-05-16,03:07:18 AM,2014-05-16,03:37:18 AM,False,Sunset Calendar,Brooklyn Heights Promenade Brooklyn NY 11201,False
Sunset,2014-05-17,03:08:15 AM,2014-05-17,03:38:15 AM,False,Sunset Calendar,Brooklyn Heights Promenade Brooklyn NY 11201,False
Sunset,2014-05-18,03:09:11 AM,2014-05-18,03:39:11 AM,False,Sunset Calendar,Brooklyn Heights Promenade Brooklyn NY 11201,False
Sunset,2014-05-19,03:10:08 AM,2014-05-19,03:40:08 AM,False,Sunset Calendar,Brooklyn Heights Promenade Brooklyn NY 11201,False
Sunset,2014-05-20,03:11:03 AM,2014-05-20,03:41:03 AM,False,Sunset Calendar,Brooklyn Heights Promenade Brooklyn NY 11201,False
Sunset,2014-05-21,03:11:58 AM,2014-05-21,03:41:58 AM,False,Sunset Calendar,Brooklyn Heights Promenade Brooklyn NY 11201,False
Sunset,2014-05-22,03:12:52 AM,2014-05-22,03:42:52 AM,False,Sunset Calendar,Brooklyn Heights Promenade Brooklyn NY 11201,False
Sunset,2014-05-23,03:13:45 AM,2014-05-23,03:43:45 AM,False,Sunset Calendar,Brooklyn Heights Promenade Brooklyn NY 11201,False
Sunset,2014-05-24,03:14:37 AM,2014-05-24,03:44:37 AM,False,Sunset Calendar,Brooklyn Heights Promenade Brooklyn NY 11201,False
Sunset,2014-05-25,03:15:29 AM,2014-05-25,03:45:29 AM,False,Sunset Calendar,Brooklyn Heights Promenade Brooklyn NY 11201,False
Sunset,2014-05-26,03:16:19 AM,2014-05-26,03:46:19 AM,False,Sunset Calendar,Brooklyn Heights Promenade Brooklyn NY 11201,False
Sunset,2014-05-27,03:17:09 AM,2014-05-27,03:47:09 AM,False,Sunset Calendar,Brooklyn Heights Promenade Brooklyn NY 11201,False
Sunset,2014-05-28,03:17:58 AM,2014-05-28,03:47:58 AM,False,Sunset Calendar,Brooklyn Heights Promenade Brooklyn NY 11201,False
Sunset,2014-05-29,03:18:45 AM,2014-05-29,03:48:45 AM,False,Sunset Calendar,Brooklyn Heights Promenade Brooklyn NY 11201,False
Sunset,2014-05-30,03:19:32 AM,2014-05-30,03:49:32 AM,False,Sunset Calendar,Brooklyn Heights Promenade Brooklyn NY 11201,False
Sunset,2014-05-31,03:20:17 AM,2014-05-31,03:50:17 AM,False,Sunset Calendar,Brooklyn Heights Promenade Brooklyn NY 11201,False
Sunset,2014-06-01,03:21:01 AM,2014-06-01,03:51:01 AM,False,Sunset Calendar,Brooklyn Heights Promenade Brooklyn NY 11201,False
Sunset,2014-06-02,03:21:45 AM,2014-06-02,03:51:45 AM,False,Sunset Calendar,Brooklyn Heights Promenade Brooklyn NY 11201,False
Sunset,2014-06-03,03:22:26 AM,2014-06-03,03:52:26 AM,False,Sunset Calendar,Brooklyn Heights Promenade Brooklyn NY 11201,False
Sunset,2014-06-04,03:23:07 AM,2014-06-04,03:53:07 AM,False,Sunset Calendar,Brooklyn Heights Promenade Brooklyn NY 11201,False
Sunset,2014-06-05,03:23:46 AM,2014-06-05,03:53:46 AM,False,Sunset Calendar,Brooklyn Heights Promenade Brooklyn NY 11201,False
Sunset,2014-06-06,03:24:24 AM,2014-06-06,03:54:24 AM,False,Sunset Calendar,Brooklyn Heights Promenade Brooklyn NY 11201,False
Sunset,2014-06-07,03:25:00 AM,2014-06-07,03:55:00 AM,False,Sunset Calendar,Brooklyn Heights Promenade Brooklyn NY 11201,False
Sunset,2014-06-08,03:25:35 AM,2014-06-08,03:55:35 AM,False,Sunset Calendar,Brooklyn Heights Promenade Brooklyn NY 11201,False
Sunset,2014-06-09,03:26:09 AM,2014-06-09,03:56:09 AM,False,Sunset Calendar,Brooklyn Heights Promenade Brooklyn NY 11201,False
Sunset,2014-06-10,03:26:41 AM,2014-06-10,03:56:41 AM,False,Sunset Calendar,Brooklyn Heights Promenade Brooklyn NY 11201,False
Sunset,2014-06-11,03:27:11 AM,2014-06-11,03:57:11 AM,False,Sunset Calendar,Brooklyn Heights Promenade Brooklyn NY 11201,False
Sunset,2014-06-12,03:27:40 AM,2014-06-12,03:57:40 AM,False,Sunset Calendar,Brooklyn Heights Promenade Brooklyn NY 11201,False
Sunset,2014-06-13,03:28:07 AM,2014-06-13,03:58:07 AM,False,Sunset Calendar,Brooklyn Heights Promenade Brooklyn NY 11201,False
Sunset,2014-06-14,03:28:33 AM,2014-06-14,03:58:33 AM,False,Sunset Calendar,Brooklyn Heights Promenade Brooklyn NY 11201,False
Sunset,2014-06-15,03:28:56 AM,2014-06-15,03:58:56 AM,False,Sunset Calendar,Brooklyn Heights Promenade Brooklyn NY 11201,False
Sunset,2014-06-16,03:29:18 AM,2014-06-16,03:59:18 AM,False,Sunset Calendar,Brooklyn Heights Promenade Brooklyn NY 11201,False
Sunset,2014-06-17,03:29:39 AM,2014-06-17,03:59:39 AM,False,Sunset Calendar,Brooklyn Heights Promenade Brooklyn NY 11201,False
Sunset,2014-06-18,03:29:57 AM,2014-06-18,03:59:57 AM,False,Sunset Calendar,Brooklyn Heights Promenade Brooklyn NY 11201,False
Sunset,2014-06-19,03:30:14 AM,2014-06-19,04:00:14 AM,False,Sunset Calendar,Brooklyn Heights Promenade Brooklyn NY 11201,False
Sunset,2014-06-20,03:30:29 AM,2014-06-20,04:00:29 AM,False,Sunset Calendar,Brooklyn Heights Promenade Brooklyn NY 11201,False
Sunset,2014-06-21,03:30:41 AM,2014-06-21,04:00:41 AM,False,Sunset Calendar,Brooklyn Heights Promenade Brooklyn NY 11201,False
Sunset,2014-06-22,03:30:52 AM,2014-06-22,04:00:52 AM,False,Sunset Calendar,Brooklyn Heights Promenade Brooklyn NY 11201,False
Sunset,2014-06-23,03:31:02 AM,2014-06-23,04:01:02 AM,False,Sunset Calendar,Brooklyn Heights Promenade Brooklyn NY 11201,False
Sunset,2014-06-24,03:31:09 AM,2014-06-24,04:01:09 AM,False,Sunset Calendar,Brooklyn Heights Promenade Brooklyn NY 11201,False
Sunset,2014-06-25,03:31:14 AM,2014-06-25,04:01:14 AM,False,Sunset Calendar,Brooklyn Heights Promenade Brooklyn NY 11201,False
Sunset,2014-06-26,03:31:17 AM,2014-06-26,04:01:17 AM,False,Sunset Calendar,Brooklyn Heights Promenade Brooklyn NY 11201,False
Sunset,2014-06-27,03:31:18 AM,2014-06-27,04:01:18 AM,False,Sunset Calendar,Brooklyn Heights Promenade Brooklyn NY 11201,False
Sunset,2014-06-28,03:31:18 AM,2014-06-28,04:01:18 AM,False,Sunset Calendar,Brooklyn Heights Promenade Brooklyn NY 11201,False
Sunset,2014-06-29,03:31:15 AM,2014-06-29,04:01:15 AM,False,Sunset Calendar,Brooklyn Heights Promenade Brooklyn NY 11201,False
Sunset,2014-06-30,03:31:10 AM,2014-06-30,04:01:10 AM,False,Sunset Calendar,Brooklyn Heights Promenade Brooklyn NY 11201,False
Sunset,2014-07-01,03:31:03 AM,2014-07-01,04:01:03 AM,False,Sunset Calendar,Brooklyn Heights Promenade Brooklyn NY 11201,False
Sunset,2014-07-02,03:30:54 AM,2014-07-02,04:00:54 AM,False,Sunset Calendar,Brooklyn Heights Promenade Brooklyn NY 11201,False
Sunset,2014-07-03,03:30:43 AM,2014-07-03,04:00:43 AM,False,Sunset Calendar,Brooklyn Heights Promenade Brooklyn NY 11201,False
Sunset,2014-07-04,03:30:30 AM,2014-07-04,04:00:30 AM,False,Sunset Calendar,Brooklyn Heights Promenade Brooklyn NY 11201,False
Sunset,2014-07-05,03:30:15 AM,2014-07-05,04:00:15 AM,False,Sunset Calendar,Brooklyn Heights Promenade Brooklyn NY 11201,False
Sunset,2014-07-06,03:29:58 AM,2014-07-06,03:59:58 AM,False,Sunset Calendar,Brooklyn Heights Promenade Brooklyn NY 11201,False
Sunset,2014-07-07,03:29:39 AM,2014-07-07,03:59:39 AM,False,Sunset Calendar,Brooklyn Heights Promenade Brooklyn NY 11201,False
Sunset,2014-07-08,03:29:18 AM,2014-07-08,03:59:18 AM,False,Sunset Calendar,Brooklyn Heights Promenade Brooklyn NY 11201,False
Sunset,2014-07-09,03:28:55 AM,2014-07-09,03:58:55 AM,False,Sunset Calendar,Brooklyn Heights Promenade Brooklyn NY 11201,False
Sunset,2014-07-10,03:28:30 AM,2014-07-10,03:58:30 AM,False,Sunset Calendar,Brooklyn Heights Promenade Brooklyn NY 11201,False
Sunset,2014-07-11,03:28:03 AM,2014-07-11,03:58:03 AM,False,Sunset Calendar,Brooklyn Heights Promenade Brooklyn NY 11201,False
Sunset,2014-07-12,03:27:34 AM,2014-07-12,03:57:34 AM,False,Sunset Calendar,Brooklyn Heights Promenade Brooklyn NY 11201,False
Sunset,2014-07-13,03:27:03 AM,2014-07-13,03:57:03 AM,False,Sunset Calendar,Brooklyn Heights Promenade Brooklyn NY 11201,False
Sunset,2014-07-14,03:26:30 AM,2014-07-14,03:56:30 AM,False,Sunset Calendar,Brooklyn Heights Promenade Brooklyn NY 11201,False
Sunset,2014-07-15,03:25:55 AM,2014-07-15,03:55:55 AM,False,Sunset Calendar,Brooklyn Heights Promenade Brooklyn NY 11201,False
Sunset,2014-07-16,03:25:18 AM,2014-07-16,03:55:18 AM,False,Sunset Calendar,Brooklyn Heights Promenade Brooklyn NY 11201,False
Sunset,2014-07-17,03:24:40 AM,2014-07-17,03:54:40 AM,False,Sunset Calendar,Brooklyn Heights Promenade Brooklyn NY 11201,False
Sunset,2014-07-18,03:23:59 AM,2014-07-18,03:53:59 AM,False,Sunset Calendar,Brooklyn Heights Promenade Brooklyn NY 11201,False
Sunset,2014-07-19,03:23:17 AM,2014-07-19,03:53:17 AM,False,Sunset Calendar,Brooklyn Heights Promenade Brooklyn NY 11201,False
Sunset,2014-07-20,03:22:32 AM,2014-07-20,03:52:32 AM,False,Sunset Calendar,Brooklyn Heights Promenade Brooklyn NY 11201,False
Sunset,2014-07-21,03:21:46 AM,2014-07-21,03:51:46 AM,False,Sunset Calendar,Brooklyn Heights Promenade Brooklyn NY 11201,False
Sunset,2014-07-22,03:20:58 AM,2014-07-22,03:50:58 AM,False,Sunset Calendar,Brooklyn Heights Promenade Brooklyn NY 11201,False
Sunset,2014-07-23,03:20:08 AM,2014-07-23,03:50:08 AM,False,Sunset Calendar,Brooklyn Heights Promenade Brooklyn NY 11201,False
Sunset,2014-07-24,03:19:17 AM,2014-07-24,03:49:17 AM,False,Sunset Calendar,Brooklyn Heights Promenade Brooklyn NY 11201,False
Sunset,2014-07-25,03:18:23 AM,2014-07-25,03:48:23 AM,False,Sunset Calendar,Brooklyn Heights Promenade Brooklyn NY 11201,False
Sunset,2014-07-26,03:17:28 AM,2014-07-26,03:47:28 AM,False,Sunset Calendar,Brooklyn Heights Promenade Brooklyn NY 11201,False
Sunset,2014-07-27,03:16:32 AM,2014-07-27,03:46:32 AM,False,Sunset Calendar,Brooklyn Heights Promenade Brooklyn NY 11201,False
Sunset,2014-07-28,03:15:34 AM,2014-07-28,03:45:34 AM,False,Sunset Calendar,Brooklyn Heights Promenade Brooklyn NY 11201,False
Sunset,2014-07-29,03:14:34 AM,2014-07-29,03:44:34 AM,False,Sunset Calendar,Brooklyn Heights Promenade Brooklyn NY 11201,False
Sunset,2014-07-30,03:13:32 AM,2014-07-30,03:43:32 AM,False,Sunset Calendar,Brooklyn Heights Promenade Brooklyn NY 11201,False
Sunset,2014-07-31,03:12:29 AM,2014-07-31,03:42:29 AM,False,Sunset Calendar,Brooklyn Heights Promenade Brooklyn NY 11201,False
Sunset,2014-08-01,03:11:25 AM,2014-08-01,03:41:25 AM,False,Sunset Calendar,Brooklyn Heights Promenade Brooklyn NY 11201,False
Sunset,2014-08-02,03:10:19 AM,2014-08-02,03:40:19 AM,False,Sunset Calendar,Brooklyn Heights Promenade Brooklyn NY 11201,False
Sunset,2014-08-03,03:09:11 AM,2014-08-03,03:39:11 AM,False,Sunset Calendar,Brooklyn Heights Promenade Brooklyn NY 11201,False
Sunset,2014-08-04,03:08:02 AM,2014-08-04,03:38:02 AM,False,Sunset Calendar,Brooklyn Heights Promenade Brooklyn NY 11201,False
Sunset,2014-08-05,03:06:52 AM,2014-08-05,03:36:52 AM,False,Sunset Calendar,Brooklyn Heights Promenade Brooklyn NY 11201,False
Sunset,2014-08-06,03:05:40 AM,2014-08-06,03:35:40 AM,False,Sunset Calendar,Brooklyn Heights Promenade Brooklyn NY 11201,False
Sunset,2014-08-07,03:04:27 AM,2014-08-07,03:34:27 AM,False,Sunset Calendar,Brooklyn Heights Promenade Brooklyn NY 11201,False
Sunset,2014-08-08,03:03:12 AM,2014-08-08,03:33:12 AM,False,Sunset Calendar,Brooklyn Heights Promenade Brooklyn NY 11201,False
Sunset,2014-08-09,03:01:57 AM,2014-08-09,03:31:57 AM,False,Sunset Calendar,Brooklyn Heights Promenade Brooklyn NY 11201,False
Sunset,2014-08-10,03:00:40 AM,2014-08-10,03:30:40 AM,False,Sunset Calendar,Brooklyn Heights Promenade Brooklyn NY 11201,False
Sunset,2014-08-11,02:59:22 AM,2014-08-11,03:29:22 AM,False,Sunset Calendar,Brooklyn Heights Promenade Brooklyn NY 11201,False
Sunset,2014-08-12,02:58:02 AM,2014-08-12,03:28:02 AM,False,Sunset Calendar,Brooklyn Heights Promenade Brooklyn NY 11201,False
Sunset,2014-08-13,02:56:42 AM,2014-08-13,03:26:42 AM,False,Sunset Calendar,Brooklyn Heights Promenade Brooklyn NY 11201,False
Sunset,2014-08-14,02:55:20 AM,2014-08-14,03:25:20 AM,False,Sunset Calendar,Brooklyn Heights Promenade Brooklyn NY 11201,False
Sunset,2014-08-15,02:53:57 AM,2014-08-15,03:23:57 AM,False,Sunset Calendar,Brooklyn Heights Promenade Brooklyn NY 11201,False
Sunset,2014-08-16,02:52:34 AM,2014-08-16,03:22:34 AM,False,Sunset Calendar,Brooklyn Heights Promenade Brooklyn NY 11201,False
Sunset,2014-08-17,02:51:09 AM,2014-08-17,03:21:09 AM,False,Sunset Calendar,Brooklyn Heights Promenade Brooklyn NY 11201,False
Sunset,2014-08-18,02:49:43 AM,2014-08-18,03:19:43 AM,False,Sunset Calendar,Brooklyn Heights Promenade Brooklyn NY 11201,False
Sunset,2014-08-19,02:48:16 AM,2014-08-19,03:18:16 AM,False,Sunset Calendar,Brooklyn Heights Promenade Brooklyn NY 11201,False
Sunset,2014-08-20,02:46:49 AM,2014-08-20,03:16:49 AM,False,Sunset Calendar,Brooklyn Heights Promenade Brooklyn NY 11201,False
Sunset,2014-08-21,02:45:20 AM,2014-08-21,03:15:20 AM,False,Sunset Calendar,Brooklyn Heights Promenade Brooklyn NY 11201,False
Sunset,2014-08-22,02:43:51 AM,2014-08-22,03:13:51 AM,False,Sunset Calendar,Brooklyn Heights Promenade Brooklyn NY 11201,False
Sunset,2014-08-23,02:42:20 AM,2014-08-23,03:12:20 AM,False,Sunset Calendar,Brooklyn Heights Promenade Brooklyn NY 11201,False
Sunset,2014-08-24,02:40:49 AM,2014-08-24,03:10:49 AM,False,Sunset Calendar,Brooklyn Heights Promenade Brooklyn NY 11201,False
Sunset,2014-08-25,02:39:17 AM,2014-08-25,03:09:17 AM,False,Sunset Calendar,Brooklyn Heights Promenade Brooklyn NY 11201,False
Sunset,2014-08-26,02:37:45 AM,2014-08-26,03:07:45 AM,False,Sunset Calendar,Brooklyn Heights Promenade Brooklyn NY 11201,False
Sunset,2014-08-27,02:36:11 AM,2014-08-27,03:06:11 AM,False,Sunset Calendar,Brooklyn Heights Promenade Brooklyn NY 11201,False
Sunset,2014-08-28,02:34:37 AM,2014-08-28,03:04:37 AM,False,Sunset Calendar,Brooklyn Heights Promenade Brooklyn NY 11201,False
Sunset,2014-08-29,02:33:03 AM,2014-08-29,03:03:03 AM,False,Sunset Calendar,Brooklyn Heights Promenade Brooklyn NY 11201,False
Sunset,2014-08-30,02:31:27 AM,2014-08-30,03:01:27 AM,False,Sunset Calendar,Brooklyn Heights Promenade Brooklyn NY 11201,False
Sunset,2014-08-31,02:29:52 AM,2014-08-31,02:59:52 AM,False,Sunset Calendar,Brooklyn Heights Promenade Brooklyn NY 11201,False
Sunset,2014-09-01,02:28:15 AM,2014-09-01,02:58:15 AM,False,Sunset Calendar,Brooklyn Heights Promenade Brooklyn NY 11201,False
Sunset,2014-09-02,02:26:38 AM,2014-09-02,02:56:38 AM,False,Sunset Calendar,Brooklyn Heights Promenade Brooklyn NY 11201,False
Sunset,2014-09-03,02:25:01 AM,2014-09-03,02:55:01 AM,False,Sunset Calendar,Brooklyn Heights Promenade Brooklyn NY 11201,False
Sunset,2014-09-04,02:23:23 AM,2014-09-04,02:53:23 AM,False,Sunset Calendar,Brooklyn Heights Promenade Brooklyn NY 11201,False
Sunset,2014-09-05,02:21:44 AM,2014-09-05,02:51:44 AM,False,Sunset Calendar,Brooklyn Heights Promenade Brooklyn NY 11201,False
Sunset,2014-09-06,02:20:06 AM,2014-09-06,02:50:06 AM,False,Sunset Calendar,Brooklyn Heights Promenade Brooklyn NY 11201,False
Sunset,2014-09-07,02:18:27 AM,2014-09-07,02:48:27 AM,False,Sunset Calendar,Brooklyn Heights Promenade Brooklyn NY 11201,False
Sunset,2014-09-08,02:16:47 AM,2014-09-08,02:46:47 AM,False,Sunset Calendar,Brooklyn Heights Promenade Brooklyn NY 11201,False
Sunset,2014-09-09,02:15:07 AM,2014-09-09,02:45:07 AM,False,Sunset Calendar,Brooklyn Heights Promenade Brooklyn NY 11201,False
Sunset,2014-09-10,02:13:27 AM,2014-09-10,02:43:27 AM,False,Sunset Calendar,Brooklyn Heights Promenade Brooklyn NY 11201,False
Sunset,2014-09-11,02:11:47 AM,2014-09-11,02:41:47 AM,False,Sunset Calendar,Brooklyn Heights Promenade Brooklyn NY 11201,False
Sunset,2014-09-12,02:10:06 AM,2014-09-12,02:40:06 AM,False,Sunset Calendar,Brooklyn Heights Promenade Brooklyn NY 11201,False
Sunset,2014-09-13,02:08:25 AM,2014-09-13,02:38:25 AM,False,Sunset Calendar,Brooklyn Heights Promenade Brooklyn NY 11201,False
Sunset,2014-09-14,02:06:44 AM,2014-09-14,02:36:44 AM,False,Sunset Calendar,Brooklyn Heights Promenade Brooklyn NY 11201,False
Sunset,2014-09-15,02:05:03 AM,2014-09-15,02:35:03 AM,False,Sunset Calendar,Brooklyn Heights Promenade Brooklyn NY 11201,False
Sunset,2014-09-16,02:03:22 AM,2014-09-16,02:33:22 AM,False,Sunset Calendar,Brooklyn Heights Promenade Brooklyn NY 11201,False
Sunset,2014-09-17,02:01:40 AM,2014-09-17,02:31:40 AM,False,Sunset Calendar,Brooklyn Heights Promenade Brooklyn NY 11201,False
Sunset,2014-09-18,01:59:59 AM,2014-09-18,02:29:59 AM,False,Sunset Calendar,Brooklyn Heights Promenade Brooklyn NY 11201,False
Sunset,2014-09-19,01:58:17 AM,2014-09-19,02:28:17 AM,False,Sunset Calendar,Brooklyn Heights Promenade Brooklyn NY 11201,False
Sunset,2014-09-20,01:56:36 AM,2014-09-20,02:26:36 AM,False,Sunset Calendar,Brooklyn Heights Promenade Brooklyn NY 11201,False
Sunset,2014-09-21,01:54:54 AM,2014-09-21,02:24:54 AM,False,Sunset Calendar,Brooklyn Heights Promenade Brooklyn NY 11201,False
Sunset,2014-09-22,01:53:13 AM,2014-09-22,02:23:13 AM,False,Sunset Calendar,Brooklyn Heights Promenade Brooklyn NY 11201,False
Sunset,2014-09-23,01:51:32 AM,2014-09-23,02:21:32 AM,False,Sunset Calendar,Brooklyn Heights Promenade Brooklyn NY 11201,False
Sunset,2014-09-24,01:49:50 AM,2014-09-24,02:19:50 AM,False,Sunset Calendar,Brooklyn Heights Promenade Brooklyn NY 11201,False
Sunset,2014-09-25,01:48:09 AM,2014-09-25,02:18:09 AM,False,Sunset Calendar,Brooklyn Heights Promenade Brooklyn NY 11201,False
Sunset,2014-09-26,01:46:28 AM,2014-09-26,02:16:28 AM,False,Sunset Calendar,Brooklyn Heights Promenade Brooklyn NY 11201,False
Sunset,2014-09-27,01:44:48 AM,2014-09-27,02:14:48 AM,False,Sunset Calendar,Brooklyn Heights Promenade Brooklyn NY 11201,False
Sunset,2014-09-28,01:43:07 AM,2014-09-28,02:13:07 AM,False,Sunset Calendar,Brooklyn Heights Promenade Brooklyn NY 11201,False
Sunset,2014-09-29,01:41:27 AM,2014-09-29,02:11:27 AM,False,Sunset Calendar,Brooklyn Heights Promenade Brooklyn NY 11201,False
Sunset,2014-09-30,01:39:47 AM,2014-09-30,02:09:47 AM,False,Sunset Calendar,Brooklyn Heights Promenade Brooklyn NY 11201,False
Sunset,2014-10-01,01:38:07 AM,2014-10-01,02:08:07 AM,False,Sunset Calendar,Brooklyn Heights Promenade Brooklyn NY 11201,False
Sunset,2014-10-02,01:36:28 AM,2014-10-02,02:06:28 AM,False,Sunset Calendar,Brooklyn Heights Promenade Brooklyn NY 11201,False
Sunset,2014-10-03,01:34:49 AM,2014-10-03,02:04:49 AM,False,Sunset Calendar,Brooklyn Heights Promenade Brooklyn NY 11201,False
Sunset,2014-10-04,01:33:11 AM,2014-10-04,02:03:11 AM,False,Sunset Calendar,Brooklyn Heights Promenade Brooklyn NY 11201,False
Sunset,2014-10-05,01:31:33 AM,2014-10-05,02:01:33 AM,False,Sunset Calendar,Brooklyn Heights Promenade Brooklyn NY 11201,False
Sunset,2014-10-06,01:29:55 AM,2014-10-06,01:59:55 AM,False,Sunset Calendar,Brooklyn Heights Promenade Brooklyn NY 11201,False
Sunset,2014-10-07,01:28:18 AM,2014-10-07,01:58:18 AM,False,Sunset Calendar,Brooklyn Heights Promenade Brooklyn NY 11201,False
Sunset,2014-10-08,01:26:42 AM,2014-10-08,01:56:42 AM,False,Sunset Calendar,Brooklyn Heights Promenade Brooklyn NY 11201,False
Sunset,2014-10-09,01:25:06 AM,2014-10-09,01:55:06 AM,False,Sunset Calendar,Brooklyn Heights Promenade Brooklyn NY 11201,False
Sunset,2014-10-10,01:23:31 AM,2014-10-10,01:53:31 AM,False,Sunset Calendar,Brooklyn Heights Promenade Brooklyn NY 11201,False
Sunset,2014-10-11,01:21:56 AM,2014-10-11,01:51:56 AM,False,Sunset Calendar,Brooklyn Heights Promenade Brooklyn NY 11201,False
Sunset,2014-10-12,01:20:22 AM,2014-10-12,01:50:22 AM,False,Sunset Calendar,Brooklyn Heights Promenade Brooklyn NY 11201,False
Sunset,2014-10-13,01:18:49 AM,2014-10-13,01:48:49 AM,False,Sunset Calendar,Brooklyn Heights Promenade Brooklyn NY 11201,False
Sunset,2014-10-14,01:17:17 AM,2014-10-14,01:47:17 AM,False,Sunset Calendar,Brooklyn Heights Promenade Brooklyn NY 11201,False
Sunset,2014-10-15,01:15:45 AM,2014-10-15,01:45:45 AM,False,Sunset Calendar,Brooklyn Heights Promenade Brooklyn NY 11201,False
Sunset,2014-10-16,01:14:14 AM,2014-10-16,01:44:14 AM,False,Sunset Calendar,Brooklyn Heights Promenade Brooklyn NY 11201,False
Sunset,2014-10-17,01:12:44 AM,2014-10-17,01:42:44 AM,False,Sunset Calendar,Brooklyn Heights Promenade Brooklyn NY 11201,False
Sunset,2014-10-18,01:11:15 AM,2014-10-18,01:41:15 AM,False,Sunset Calendar,Brooklyn Heights Promenade Brooklyn NY 11201,False
Sunset,2014-10-19,01:09:46 AM,2014-10-19,01:39:46 AM,False,Sunset Calendar,Brooklyn Heights Promenade Brooklyn NY 11201,False
Sunset,2014-10-20,01:08:19 AM,2014-10-20,01:38:19 AM,False,Sunset Calendar,Brooklyn Heights Promenade Brooklyn NY 11201,False
Sunset,2014-10-21,01:06:53 AM,2014-10-21,01:36:53 AM,False,Sunset Calendar,Brooklyn Heights Promenade Brooklyn NY 11201,False
Sunset,2014-10-22,01:05:27 AM,2014-10-22,01:35:27 AM,False,Sunset Calendar,Brooklyn Heights Promenade Brooklyn NY 11201,False
Sunset,2014-10-23,01:04:03 AM,2014-10-23,01:34:03 AM,False,Sunset Calendar,Brooklyn Heights Promenade Brooklyn NY 11201,False
Sunset,2014-10-24,01:02:40 AM,2014-10-24,01:32:40 AM,False,Sunset Calendar,Brooklyn Heights Promenade Brooklyn NY 11201,False
Sunset,2014-10-25,01:01:18 AM,2014-10-25,01:31:18 AM,False,Sunset Calendar,Brooklyn Heights Promenade Brooklyn NY 11201,False
Sunset,2014-10-26,00:59:57 AM,2014-10-26,01:29:57 AM,False,Sunset Calendar,Brooklyn Heights Promenade Brooklyn NY 11201,False
Sunset,2014-10-27,00:58:38 AM,2014-10-27,01:28:38 AM,False,Sunset Calendar,Brooklyn Heights Promenade Brooklyn NY 11201,False
Sunset,2014-10-28,00:57:19 AM,2014-10-28,01:27:19 AM,False,Sunset Calendar,Brooklyn Heights Promenade Brooklyn NY 11201,False
Sunset,2014-10-29,00:56:02 AM,2014-10-29,01:26:02 AM,False,Sunset Calendar,Brooklyn Heights Promenade Brooklyn NY 11201,False
Sunset,2014-10-30,00:54:46 AM,2014-10-30,01:24:46 AM,False,Sunset Calendar,Brooklyn Heights Promenade Brooklyn NY 11201,False
Sunset,2014-10-31,00:53:32 AM,2014-10-31,01:23:32 AM,False,Sunset Calendar,Brooklyn Heights Promenade Brooklyn NY 11201,False
Sunset,2014-11-01,00:52:19 AM,2014-11-01,01:22:19 AM,False,Sunset Calendar,Brooklyn Heights Promenade Brooklyn NY 11201,False
Sunset,2014-11-02,00:51:07 AM,2014-11-02,01:21:07 AM,False,Sunset Calendar,Brooklyn Heights Promenade Brooklyn NY 11201,False
Sunset,2014-11-03,00:49:57 AM,2014-11-03,01:19:57 AM,False,Sunset Calendar,Brooklyn Heights Promenade Brooklyn NY 11201,False
Sunset,2014-11-04,00:48:48 AM,2014-11-04,01:18:48 AM,False,Sunset Calendar,Brooklyn Heights Promenade Brooklyn NY 11201,False
Sunset,2014-11-05,00:47:41 AM,2014-11-05,01:17:41 AM,False,Sunset Calendar,Brooklyn Heights Promenade Brooklyn NY 11201,False
Sunset,2014-11-06,00:46:35 AM,2014-11-06,01:16:35 AM,False,Sunset Calendar,Brooklyn Heights Promenade Brooklyn NY 11201,False
Sunset,2014-11-07,00:45:31 AM,2014-11-07,01:15:31 AM,False,Sunset Calendar,Brooklyn Heights Promenade Brooklyn NY 11201,False
Sunset,2014-11-08,00:44:29 AM,2014-11-08,01:14:29 AM,False,Sunset Calendar,Brooklyn Heights Promenade Brooklyn NY 11201,False
Sunset,2014-11-09,00:43:28 AM,2014-11-09,01:13:28 AM,False,Sunset Calendar,Brooklyn Heights Promenade Brooklyn NY 11201,False
Sunset,2014-11-10,00:42:29 AM,2014-11-10,01:12:29 AM,False,Sunset Calendar,Brooklyn Heights Promenade Brooklyn NY 11201,False
Sunset,2014-11-11,00:41:32 AM,2014-11-11,01:11:32 AM,False,Sunset Calendar,Brooklyn Heights Promenade Brooklyn NY 11201,False
Sunset,2014-11-12,00:40:36 AM,2014-11-12,01:10:36 AM,False,Sunset Calendar,Brooklyn Heights Promenade Brooklyn NY 11201,False
Sunset,2014-11-13,00:39:43 AM,2014-11-13,01:09:43 AM,False,Sunset Calendar,Brooklyn Heights Promenade Brooklyn NY 11201,False
Sunset,2014-11-14,00:38:51 AM,2014-11-14,01:08:51 AM,False,Sunset Calendar,Brooklyn Heights Promenade Brooklyn NY 11201,False
Sunset,2014-11-15,00:38:01 AM,2014-11-15,01:08:01 AM,False,Sunset Calendar,Brooklyn Heights Promenade Brooklyn NY 11201,False
Sunset,2014-11-16,00:37:13 AM,2014-11-16,01:07:13 AM,False,Sunset Calendar,Brooklyn Heights Promenade Brooklyn NY 11201,False
Sunset,2014-11-17,00:36:27 AM,2014-11-17,01:06:27 AM,False,Sunset Calendar,Brooklyn Heights Promenade Brooklyn NY 11201,False
Sunset,2014-11-18,00:35:42 AM,2014-11-18,01:05:42 AM,False,Sunset Calendar,Brooklyn Heights Promenade Brooklyn NY 11201,False
Sunset,2014-11-19,00:35:00 AM,2014-11-19,01:05:00 AM,False,Sunset Calendar,Brooklyn Heights Promenade Brooklyn NY 11201,False
Sunset,2014-11-20,00:34:20 AM,2014-11-20,01:04:20 AM,False,Sunset Calendar,Brooklyn Heights Promenade Brooklyn NY 11201,False
Sunset,2014-11-21,00:33:42 AM,2014-11-21,01:03:42 AM,False,Sunset Calendar,Brooklyn Heights Promenade Brooklyn NY 11201,False
Sunset,2014-11-22,00:33:06 AM,2014-11-22,01:03:06 AM,False,Sunset Calendar,Brooklyn Heights Promenade Brooklyn NY 11201,False
Sunset,2014-11-23,00:32:32 AM,2014-11-23,01:02:32 AM,False,Sunset Calendar,Brooklyn Heights Promenade Brooklyn NY 11201,False
Sunset,2014-11-24,00:32:00 AM,2014-11-24,01:02:00 AM,False,Sunset Calendar,Brooklyn Heights Promenade Brooklyn NY 11201,False
Sunset,2014-11-25,00:31:30 AM,2014-11-25,01:01:30 AM,False,Sunset Calendar,Brooklyn Heights Promenade Brooklyn NY 11201,False
Sunset,2014-11-26,00:31:03 AM,2014-11-26,01:01:03 AM,False,Sunset Calendar,Brooklyn Heights Promenade Brooklyn NY 11201,False
Sunset,2014-11-27,00:30:38 AM,2014-11-27,01:00:38 AM,False,Sunset Calendar,Brooklyn Heights Promenade Brooklyn NY 11201,False
Sunset,2014-11-28,00:30:14 AM,2014-11-28,01:00:14 AM,False,Sunset Calendar,Brooklyn Heights Promenade Brooklyn NY 11201,False
Sunset,2014-11-29,00:29:54 AM,2014-11-29,00:59:54 AM,False,Sunset Calendar,Brooklyn Heights Promenade Brooklyn NY 11201,False
Sunset,2014-11-30,00:29:35 AM,2014-11-30,00:59:35 AM,False,Sunset Calendar,Brooklyn Heights Promenade Brooklyn NY 11201,False
Sunset,2014-12-01,00:29:19 AM,2014-12-01,00:59:19 AM,False,Sunset Calendar,Brooklyn Heights Promenade Brooklyn NY 11201,False
Sunset,2014-12-02,00:29:04 AM,2014-12-02,00:59:04 AM,False,Sunset Calendar,Brooklyn Heights Promenade Brooklyn NY 11201,False
Sunset,2014-12-03,00:28:53 AM,2014-12-03,00:58:53 AM,False,Sunset Calendar,Brooklyn Heights Promenade Brooklyn NY 11201,False
Sunset,2014-12-04,00:28:43 AM,2014-12-04,00:58:43 AM,False,Sunset Calendar,Brooklyn Heights Promenade Brooklyn NY 11201,False
Sunset,2014-12-05,00:28:36 AM,2014-12-05,00:58:36 AM,False,Sunset Calendar,Brooklyn Heights Promenade Brooklyn NY 11201,False
Sunset,2014-12-06,00:28:31 AM,2014-12-06,00:58:31 AM,False,Sunset Calendar,Brooklyn Heights Promenade Brooklyn NY 11201,False
Sunset,2014-12-07,00:28:28 AM,2014-12-07,00:58:28 AM,False,Sunset Calendar,Brooklyn Heights Promenade Brooklyn NY 11201,False
Sunset,2014-12-08,00:28:28 AM,2014-12-08,00:58:28 AM,False,Sunset Calendar,Brooklyn Heights Promenade Brooklyn NY 11201,False
Sunset,2014-12-09,00:28:30 AM,2014-12-09,00:58:30 AM,False,Sunset Calendar,Brooklyn Heights Promenade Brooklyn NY 11201,False
Sunset,2014-12-10,00:28:34 AM,2014-12-10,00:58:34 AM,False,Sunset Calendar,Brooklyn Heights Promenade Brooklyn NY 11201,False
Sunset,2014-12-11,00:28:40 AM,2014-12-11,00:58:40 AM,False,Sunset Calendar,Brooklyn Heights Promenade Brooklyn NY 11201,False
Sunset,2014-12-12,00:28:49 AM,2014-12-12,00:58:49 AM,False,Sunset Calendar,Brooklyn Heights Promenade Brooklyn NY 11201,False
Sunset,2014-12-13,00:29:00 AM,2014-12-13,00:59:00 AM,False,Sunset Calendar,Brooklyn Heights Promenade Brooklyn NY 11201,False
Sunset,2014-12-14,00:29:14 AM,2014-12-14,00:59:14 AM,False,Sunset Calendar,Brooklyn Heights Promenade Brooklyn NY 11201,False
Sunset,2014-12-15,00:29:29 AM,2014-12-15,00:59:29 AM,False,Sunset Calendar,Brooklyn Heights Promenade Brooklyn NY 11201,False
Sunset,2014-12-16,00:29:47 AM,2014-12-16,00:59:47 AM,False,Sunset Calendar,Brooklyn Heights Promenade Brooklyn NY 11201,False
Sunset,2014-12-17,00:30:07 AM,2014-12-17,01:00:07 AM,False,Sunset Calendar,Brooklyn Heights Promenade Brooklyn NY 11201,False
Sunset,2014-12-18,00:30:29 AM,2014-12-18,01:00:29 AM,False,Sunset Calendar,Brooklyn Heights Promenade Brooklyn NY 11201,False
Sunset,2014-12-19,00:30:53 AM,2014-12-19,01:00:53 AM,False,Sunset Calendar,Brooklyn Heights Promenade Brooklyn NY 11201,False
Sunset,2014-12-20,00:31:20 AM,2014-12-20,01:01:20 AM,False,Sunset Calendar,Brooklyn Heights Promenade Brooklyn NY 11201,False
Sunset,2014-12-21,00:31:49 AM,2014-12-21,01:01:49 AM,False,Sunset Calendar,Brooklyn Heights Promenade Brooklyn NY 11201,False
Sunset,2014-12-22,00:32:19 AM,2014-12-22,01:02:19 AM,False,Sunset Calendar,Brooklyn Heights Promenade Brooklyn NY 11201,False
Sunset,2014-12-23,00:32:52 AM,2014-12-23,01:02:52 AM,False,Sunset Calendar,Brooklyn Heights Promenade Brooklyn NY 11201,False
Sunset,2014-12-24,00:33:27 AM,2014-12-24,01:03:27 AM,False,Sunset Calendar,Brooklyn Heights Promenade Brooklyn NY 11201,False
Sunset,2014-12-25,00:34:03 AM,2014-12-25,01:04:03 AM,False,Sunset Calendar,Brooklyn Heights Promenade Brooklyn NY 11201,False
Sunset,2014-12-26,00:34:42 AM,2014-12-26,01:04:42 AM,False,Sunset Calendar,Brooklyn Heights Promenade Brooklyn NY 11201,False
Sunset,2014-12-27,00:35:22 AM,2014-12-27,01:05:22 AM,False,Sunset Calendar,Brooklyn Heights Promenade Brooklyn NY 11201,False
Sunset,2014-12-28,00:36:05 AM,2014-12-28,01:06:05 AM,False,Sunset Calendar,Brooklyn Heights Promenade Brooklyn NY 11201,False
Sunset,2014-12-29,00:36:49 AM,2014-12-29,01:06:49 AM,False,Sunset Calendar,Brooklyn Heights Promenade Brooklyn NY 11201,False
Sunset,2014-12-30,00:37:35 AM,2014-12-30,01:07:35 AM,False,Sunset Calendar,Brooklyn Heights Promenade Brooklyn NY 11201,False
Sunset,2014-12-31,00:38:22 AM,2014-12-31,01:08:22 AM,False,Sunset Calendar,Brooklyn Heights Promenade Brooklyn NY 11201,False
